Kundennummer,Kunde_seit,Account_Manager,Anzahl_Arbeitsplaetze,ADDISON,AKTE,SBS,Anzahl_UHD,davon geloest,Jahresfaktura,Anzahl_OPPs,Digitalisierungsgrad,Kuendigt
3640,39099,Name10,15,1,0,1,45,22.5,7500,0,4,1
7156,41643,Name2,30,1,0,1,60,42,15000,0,4,0
2571,42179,Name5,5,1,1,1,40,36,2500,0,9,0
6447,41943,Name4,5,0,0,1,20,18,2500,2,9,0
8500,37745,Name6,7,1,0,1,56,44.8,3500,0,3,1
7027,44203,Name4,4,0,1,0,20,16,2000,0,6,0
4383,38282,Name8,9,1,0,0,90,63,4500,3,2,1
6576,38365,Name3,32,1,1,1,160,144,16000,6,9,0
9378,41636,Name2,42,0,1,1,252,201.6,21000,8,6,0
9554,40387,Name7,47,1,0,1,188,169.2,23500,0,1,1
6653,42464,Name10,4,1,1,1,36,21.6,2000,1,1,0
7929,44196,Name8,22,1,0,1,110,55,11000,4,3,1
8905,37405,Name10,44,1,1,1,352,211.2,22000,9,5,1
9291,43309,Name3,21,1,0,1,210,126,10500,2,1,0
6231,41093,Name10,32,0,1,1,160,80,16000,0,9,0
4830,44275,Name8,40,1,1,1,320,160,20000,12,5,1
8236,41709,Name10,11,1,1,1,88,70.4,5500,2,4,0
8419,39699,Name9,19,1,1,1,190,95,9500,6,7,1
4385,39739,Name4,34,1,0,0,306,183.6,17000,3,5,1
2987,40312,Name4,18,0,1,0,90,81,9000,2,5,0
3835,41538,Name10,28,0,0,0,252,151.2,14000,3,4,0
9006,41456,Name7,28,1,1,0,112,56,14000,0,8,1
9744,41753,Name5,20,0,1,1,80,40,10000,4,2,1
3077,41252,Name1,26,0,1,0,260,234,13000,0,4,0
3931,44569,Name5,23,1,0,1,161,80.5,11500,5,4,0
1468,40071,Name9,23,1,1,1,207,103.5,11500,7,8,1
5503,43543,Name2,39,1,0,1,78,39,19500,8,4,0
9620,41492,Name5,50,0,1,0,250,200,25000,5,7,0
4950,42350,Name5,44,0,1,1,176,140.8,22000,0,7,0
5958,43390,Name9,35,0,0,0,105,73.5,17500,11,4,0
8684,41610,Name10,29,0,0,1,174,156.6,14500,0,3,0
4099,43241,Name9,5,0,0,1,35,31.5,2500,2,3,1
6860,41372,Name8,24,0,1,0,144,115.2,12000,2,4,1
2605,40293,Name5,30,1,0,0,120,84,15000,6,7,1
8727,40470,Name3,33,0,0,1,165,148.5,16500,10,1,0
8956,40719,Name10,16,0,0,0,64,38.4,8000,0,8,0
7315,41811,Name6,7,1,0,1,49,44.1,3500,1,1,0
5612,41584,Name8,12,0,0,1,24,16.8,6000,2,3,1
7724,38172,Name9,36,0,0,0,324,194.4,18000,7,5,1
4786,40213,Name1,8,0,0,1,72,36,4000,0,9,1
1739,36800,Name7,27,1,1,0,54,27,13500,5,5,1
4723,37799,Name2,37,1,1,0,370,259,18500,7,1,1
3511,42732,Name2,4,0,0,0,28,19.6,2000,0,9,0
4652,44544,Name8,4,0,1,1,8,4.8,2000,1,6,1
1658,36782,Name8,9,0,0,0,81,48.6,4500,3,6,1
9322,39325,Name8,49,1,0,1,343,274.4,24500,5,9,1
1229,37044,Name9,19,1,1,1,114,57,9500,4,1,1
5986,38765,Name5,47,0,1,0,94,65.8,23500,5,5,1
9140,41378,Name4,19,0,0,1,152,121.6,9500,6,8,0
4299,36694,Name9,41,1,0,0,82,49.2,20500,4,7,1
1027,38968,Name5,23,1,0,0,138,96.6,11500,5,8,1
3491,38079,Name6,49,1,1,1,196,98,24500,10,5,1
2239,38465,Name4,38,1,0,1,304,182.4,19000,4,1,1
6746,40415,Name10,40,0,0,0,200,140,20000,12,7,0
2061,43766,Name10,10,1,0,1,50,40,5000,2,9,0
8721,44458,Name4,5,1,1,1,40,24,2500,1,4,0
5278,36681,Name6,36,1,1,1,216,151.2,18000,11,4,1
1682,40854,Name3,50,1,0,1,400,360,25000,10,9,0
4484,37191,Name6,44,1,0,0,88,44,22000,9,6,1
1938,40568,Name8,23,1,1,1,115,103.5,11500,7,6,1
3018,38162,Name7,31,1,0,0,310,155,15500,0,2,1
8131,41158,Name9,8,1,0,1,80,56,4000,0,5,1
8223,42861,Name6,36,0,1,1,72,57.6,18000,11,2,0
3253,38097,Name2,43,0,1,1,301,240.8,21500,4,7,1
3951,38262,Name8,16,0,0,1,112,78.4,8000,2,2,1
1948,36792,Name4,32,1,1,1,128,64,16000,0,8,1
9991,39931,Name9,40,0,0,0,280,168,20000,12,6,1
8688,38512,Name6,39,0,0,0,351,280.8,19500,4,1,1
9740,41338,Name2,13,0,1,1,52,31.2,6500,0,5,0
8770,39533,Name2,34,1,1,0,136,68,17000,0,9,1
2255,43876,Name4,32,0,1,1,320,288,16000,10,7,0
4866,44049,Name2,7,0,1,0,21,18.9,3500,1,2,0
5851,42514,Name8,3,1,0,1,9,7.2,1500,0,9,1
8464,44272,Name6,31,1,1,1,248,124,15500,3,3,0
3319,38593,Name2,41,1,1,1,246,196.8,20500,0,4,0
7608,39530,Name5,28,0,0,0,168,134.4,14000,8,2,0
2840,43111,Name9,12,0,1,1,84,75.6,6000,2,4,0
5535,44512,Name6,45,0,0,1,405,283.5,22500,14,7,0
3786,41107,Name8,21,0,1,1,210,147,10500,2,1,1
2810,37796,Name7,29,0,1,1,174,156.6,14500,0,5,1
5269,38174,Name5,37,1,1,0,296,266.4,18500,11,3,1
3566,41452,Name5,40,1,0,0,120,108,20000,0,7,0
4774,38239,Name10,31,1,0,1,124,111.6,15500,9,6,0
7927,37137,Name6,41,1,0,0,369,258.3,20500,12,3,1
7648,36882,Name2,47,1,1,1,188,94,23500,0,9,1
5944,39566,Name9,44,1,0,1,176,105.6,22000,9,7,1
2024,42589,Name5,43,0,1,1,430,215,21500,4,4,1
3790,42731,Name8,22,1,1,0,220,110,11000,0,6,1
5107,44450,Name1,24,1,0,1,144,86.4,12000,5,3,0
1002,42610,Name9,23,0,0,1,207,124.2,11500,0,8,1
4355,37501,Name1,11,1,1,0,110,77,5500,1,7,1
2654,39577,Name4,39,1,1,0,195,136.5,19500,8,1,1
7568,40306,Name3,35,0,0,1,175,105,17500,0,6,1
1336,42138,Name3,34,0,1,0,340,272,17000,0,3,0
1071,41357,Name4,5,0,0,0,45,36,2500,0,2,0
7836,40220,Name6,33,1,1,0,297,237.6,16500,0,2,1
9855,41808,Name5,31,1,0,0,310,217,15500,9,8,0
4621,42600,Name2,30,1,1,0,210,147,15000,6,4,0
3242,39317,Name8,4,1,0,1,32,22.4,2000,1,5,1
5498,39800,Name1,39,1,1,1,351,315.9,19500,4,5,0
8749,44342,Name8,19,1,0,0,95,85.5,9500,6,9,0
6740,41385,Name9,12,1,0,1,72,36,6000,4,5,1
8034,37488,Name2,44,0,0,1,264,237.6,22000,4,6,1
9896,43216,Name10,45,1,1,0,180,162,22500,0,9,0
8621,39947,Name4,14,1,0,0,112,89.6,7000,1,6,0
5146,43743,Name3,31,1,1,0,155,77.5,15500,9,2,0
6522,40129,Name4,23,1,0,1,207,144.9,11500,7,2,1
8979,41599,Name2,28,1,1,1,224,179.2,14000,6,9,0
1608,37514,Name3,36,0,1,1,108,54,18000,4,3,1
6889,39347,Name3,34,0,1,1,68,40.8,17000,7,1,1
5352,36698,Name6,28,0,0,0,224,179.2,14000,3,5,1
1572,40674,Name1,32,0,0,0,96,76.8,16000,6,3,0
9520,36598,Name10,9,0,1,1,45,40.5,4500,0,1,1
5329,37435,Name5,47,0,0,0,235,164.5,23500,0,7,1
1277,36616,Name4,37,0,1,1,185,92.5,18500,0,7,1
6896,44205,Name3,24,0,0,0,144,86.4,12000,5,2,0
9940,37615,Name5,17,1,0,1,136,81.6,8500,5,5,1
9282,37709,Name2,26,0,1,1,260,208,13000,8,4,1
3513,38550,Name2,21,0,0,1,42,37.8,10500,0,4,0
5641,40282,Name10,47,0,0,1,282,197.4,23500,0,7,0
8121,42269,Name3,34,1,0,1,340,204,17000,3,6,0
9258,39059,Name7,23,1,0,0,161,144.9,11500,0,5,1
2289,38230,Name7,13,1,0,0,91,54.6,6500,1,1,1
9518,39311,Name8,41,0,0,1,410,205,20500,12,8,1
9625,36827,Name3,10,1,1,1,30,27,5000,3,5,1
6033,41085,Name3,8,0,1,0,56,44.8,4000,0,4,0
6884,44001,Name3,50,0,1,0,350,175,25000,15,4,0
5452,42590,Name4,13,1,1,1,78,54.6,6500,3,4,0
1813,40774,Name1,12,0,1,0,24,16.8,6000,2,3,0
1692,39215,Name1,6,1,1,0,54,43.2,3000,0,9,0
5670,43224,Name3,31,1,1,1,279,195.3,15500,6,6,0
7198,37249,Name9,49,0,1,1,98,68.6,24500,5,8,1
6636,40439,Name9,15,0,0,0,75,52.5,7500,5,1,1
3769,43014,Name10,15,0,0,0,90,54,7500,5,3,0
1616,39913,Name7,23,0,1,1,69,48.3,11500,2,1,1
4925,36802,Name3,24,0,0,0,216,129.6,12000,0,1,1
5795,44163,Name8,17,1,1,0,170,136,8500,0,2,0
3437,37238,Name3,42,0,1,0,126,100.8,21000,0,8,1
2049,40493,Name3,14,0,0,0,112,100.8,7000,0,3,0
9385,36768,Name6,38,1,1,0,190,133,19000,8,7,1
8183,38762,Name9,41,1,0,0,287,143.5,20500,12,4,1
6293,39421,Name8,27,1,1,0,54,27,13500,3,4,1
8215,36759,Name9,34,0,0,0,306,183.6,17000,7,4,1
1197,38473,Name2,28,0,0,0,280,224,14000,6,3,0
3809,39759,Name8,17,0,1,1,51,45.9,8500,0,9,1
1162,44594,Name7,23,0,0,1,207,144.9,11500,5,2,0
8048,36683,Name3,27,0,0,1,135,121.5,13500,5,3,1
2293,43495,Name4,43,1,1,1,129,64.5,21500,9,5,0
8426,38093,Name9,6,0,0,0,36,32.4,3000,2,2,1
5164,40727,Name4,28,0,1,1,280,196,14000,6,8,1
7753,42372,Name3,29,0,1,0,174,121.8,14500,6,1,0
8029,38541,Name5,6,0,1,1,18,14.4,3000,0,8,1
7223,37571,Name6,49,0,1,1,392,196,24500,0,2,1
8168,41399,Name5,5,1,1,1,30,27,2500,0,9,0
6862,42391,Name10,40,0,0,1,120,84,20000,12,5,0
7553,39418,Name6,21,1,0,1,147,132.3,10500,4,7,1
6925,41860,Name5,11,1,0,0,110,77,5500,1,2,0
6671,41989,Name9,36,1,1,0,216,151.2,18000,0,2,1
5806,37056,Name5,27,1,1,1,216,108,13500,5,6,1
7067,41106,Name3,34,0,0,0,170,153,17000,3,6,0
7509,42374,Name9,7,0,1,1,49,44.1,3500,2,1,1
3594,37521,Name10,11,1,0,0,99,79.2,5500,0,2,0
7224,44501,Name3,18,1,0,1,162,97.2,9000,0,6,0
1872,43692,Name1,32,0,0,1,224,156.8,16000,10,4,0
1350,38098,Name5,42,1,0,1,378,340.2,21000,0,8,1
4146,43873,Name5,38,0,0,0,342,205.2,19000,4,8,0
3135,38194,Name3,23,1,0,1,138,96.6,11500,0,7,1
4535,37072,Name7,8,1,0,1,16,8,4000,1,5,1
9075,39700,Name5,49,1,1,0,98,49,24500,0,5,1
3169,36718,Name6,15,0,0,0,90,45,7500,5,9,1
6265,38974,Name4,42,1,1,0,84,58.8,21000,4,2,1
7855,42736,Name10,23,1,1,1,161,144.9,11500,2,3,0
3883,43250,Name7,42,1,1,1,210,126,21000,4,1,1
6522,39308,Name6,21,1,0,0,84,42,10500,2,6,1
3337,38359,Name9,26,1,0,0,78,62.4,13000,5,4,1
9339,41724,Name7,16,0,1,1,48,43.2,8000,2,1,0
8460,36989,Name9,10,1,1,0,60,54,5000,1,7,1
2051,37018,Name9,37,1,1,1,111,99.9,18500,4,5,1
1537,40241,Name8,12,0,1,1,120,72,6000,0,4,1
8759,38424,Name6,38,1,1,1,380,190,19000,8,7,1
1610,40352,Name9,38,1,1,0,266,133,19000,0,6,1
9668,39061,Name10,8,1,1,1,24,16.8,4000,2,9,0
8927,38766,Name4,28,1,0,1,140,98,14000,6,5,1
5566,40755,Name4,37,1,1,0,185,166.5,18500,0,2,0
4947,44076,Name8,20,0,1,0,140,112,10000,2,3,0
5556,37744,Name6,33,1,1,1,99,79.2,16500,10,3,1
8842,43280,Name3,27,1,0,0,162,81,13500,8,4,0
4958,42540,Name4,25,1,0,0,75,67.5,12500,0,6,0
2087,43140,Name6,27,1,0,0,54,48.6,13500,0,6,0
3811,44462,Name7,29,0,1,0,203,101.5,14500,0,3,0
3026,44480,Name10,16,0,0,0,144,129.6,8000,2,6,0
1108,38948,Name8,29,0,1,0,261,130.5,14500,6,6,1
8928,42266,Name1,30,0,0,0,120,60,15000,6,1,0
2866,43939,Name8,28,0,1,0,84,42,14000,0,8,1
1663,38704,Name2,15,0,0,0,150,90,7500,0,2,0
8981,42949,Name9,47,0,1,0,235,188,23500,5,3,1
6517,39645,Name4,44,0,1,0,88,61.6,22000,0,6,1
8376,42636,Name7,13,0,0,0,78,54.6,6500,3,5,0
1970,40212,Name5,12,1,0,1,24,12,6000,1,2,1
1045,37301,Name3,16,0,1,0,64,38.4,8000,0,2,1
4961,42945,Name8,6,0,1,1,24,16.8,3000,1,1,1
9636,39601,Name8,45,0,1,1,180,108,22500,0,7,1
3167,39924,Name4,11,1,0,0,110,99,5500,0,9,0
7488,38055,Name10,30,1,0,1,120,96,15000,3,7,0
9108,36955,Name7,6,0,1,0,18,16.2,3000,1,1,1
3809,41049,Name3,7,1,1,1,70,42,3500,1,5,0
2494,37758,Name7,18,0,1,1,90,81,9000,4,7,1
3583,40586,Name8,33,0,1,0,297,267.3,16500,3,7,1
9426,40677,Name8,5,1,1,1,30,27,2500,1,6,1
7576,40703,Name5,48,1,1,0,432,302.4,24000,10,7,1
9356,42184,Name6,18,1,1,0,54,32.4,9000,4,3,1
8814,42303,Name7,23,1,1,0,46,27.6,11500,7,8,1
8054,43123,Name6,39,0,1,1,78,54.6,19500,8,8,0
4452,39107,Name10,38,1,0,1,114,102.6,19000,0,4,0
5968,37776,Name7,30,0,1,1,120,72,15000,0,3,1
1783,38608,Name5,22,0,0,0,154,92.4,11000,4,8,1
9374,38506,Name3,29,0,1,1,232,162.4,14500,9,8,1
9815,38880,Name10,22,1,1,1,44,26.4,11000,0,5,1
3671,43026,Name2,32,1,1,0,64,38.4,16000,10,3,0
7327,44325,Name5,15,0,1,0,135,94.5,7500,3,7,0
6801,39204,Name6,49,1,1,0,343,171.5,24500,10,4,1
1326,40522,Name9,14,1,0,0,42,29.4,7000,4,7,1
1477,39152,Name5,9,0,1,1,90,63,4500,3,3,1
9156,38079,Name2,23,0,0,1,161,80.5,11500,2,5,1
2653,38512,Name10,15,0,1,0,60,42,7500,0,3,0
5164,42439,Name10,41,0,0,0,410,328,20500,0,4,0
7572,41229,Name3,24,1,1,0,168,84,12000,0,8,0
3457,42456,Name3,1,1,1,0,10,8,500,0,2,0
4487,37189,Name8,4,0,0,0,12,10.8,2000,0,2,1
2701,44145,Name10,41,1,1,0,82,57.4,20500,0,5,0
2463,38075,Name3,25,0,1,0,125,100,12500,5,1,1
1756,38311,Name4,32,1,0,1,192,115.2,16000,10,7,1
8835,44527,Name3,47,1,0,1,376,188,23500,14,6,0
2695,44107,Name2,2,0,0,1,14,12.6,1000,0,8,0
7242,37817,Name3,41,0,0,0,164,114.8,20500,4,9,1
9198,38745,Name7,38,1,1,0,266,239.4,19000,4,3,1
2878,40997,Name3,18,0,0,0,180,126,9000,5,3,0
7751,41719,Name1,44,1,1,0,352,176,22000,9,6,0
8694,42691,Name3,1,1,1,0,10,9,500,0,1,0
5783,39878,Name6,9,1,1,1,81,64.8,4500,0,4,1
9130,42025,Name2,4,1,0,1,8,7.2,2000,1,4,0
2621,40052,Name4,30,0,1,1,120,60,15000,3,8,1
5315,37978,Name1,24,0,0,1,72,50.4,12000,5,9,1
9728,41973,Name2,24,1,1,1,192,115.2,12000,0,9,0
2996,39649,Name8,3,1,0,1,6,4.2,1500,1,4,1
8646,42320,Name8,24,1,1,1,96,86.4,12000,2,7,0
8027,37872,Name8,14,0,1,0,98,49,7000,1,7,1
7741,41494,Name5,16,1,0,1,48,33.6,8000,0,6,0
9916,44302,Name7,2,0,1,0,4,2.4,1000,0,7,0
7156,37718,Name8,32,0,0,1,256,128,16000,10,2,1
2016,37794,Name3,6,1,0,0,30,27,3000,2,3,0
5881,43547,Name2,16,0,0,0,64,44.8,8000,5,5,0
4704,42183,Name7,8,1,1,1,56,44.8,4000,2,4,0
6969,42334,Name8,25,1,1,1,150,75,12500,8,4,1
8053,39228,Name6,29,1,0,0,145,101.5,14500,6,8,1
8816,41715,Name6,27,1,0,1,162,145.8,13500,0,8,0
1497,43593,Name2,11,0,0,0,55,33,5500,2,6,0
9355,42924,Name2,8,0,1,1,80,64,4000,0,4,0
1199,42956,Name9,6,0,1,0,42,25.2,3000,1,7,1
9439,43027,Name4,46,1,1,0,92,64.4,23000,5,9,0
5569,37390,Name2,40,1,0,1,80,72,20000,12,3,1
4244,36909,Name3,10,0,1,1,60,42,5000,2,4,1
9256,40723,Name2,28,1,0,0,224,201.6,14000,8,2,0
1764,40610,Name10,8,0,0,1,48,43.2,4000,2,4,0
5630,37118,Name5,17,0,1,1,102,91.8,8500,2,4,1
8031,44145,Name6,24,0,0,1,192,153.6,12000,5,2,0
6928,38462,Name9,42,1,1,1,420,210,21000,4,6,1
2340,37134,Name2,7,1,0,1,49,34.3,3500,0,6,1
6454,38957,Name1,20,0,0,1,200,140,10000,6,3,1
4924,38171,Name1,13,0,0,0,78,70.2,6500,1,4,0
3243,39237,Name1,10,1,0,0,60,54,5000,3,6,0
9432,38255,Name9,33,0,0,0,198,118.8,16500,7,2,1
9449,38976,Name8,19,0,0,0,190,152,9500,0,4,1
3866,41482,Name7,6,0,1,0,24,21.6,3000,1,2,0
3439,42330,Name3,26,1,0,0,182,91,13000,0,9,0
1648,42001,Name5,28,1,1,0,112,56,14000,0,6,1
9184,38830,Name3,48,0,1,1,288,144,24000,14,9,1
9624,44161,Name8,14,0,0,0,126,100.8,7000,4,6,0
2482,41003,Name7,11,1,0,1,99,49.5,5500,2,5,1
4762,43764,Name6,16,1,0,0,64,32,8000,0,6,0
6157,40271,Name5,38,0,1,0,380,228,19000,4,5,1
7202,39464,Name4,21,1,0,1,147,88.2,10500,6,3,1
7523,42631,Name5,14,1,1,0,42,21,7000,3,2,0
7417,43586,Name3,8,0,0,1,64,44.8,4000,1,2,0
3549,39090,Name10,5,0,1,1,30,18,2500,1,5,1
2241,42823,Name4,41,1,0,1,82,73.8,20500,0,8,0
9897,37145,Name6,12,0,1,0,72,64.8,6000,4,1,1
3392,43956,Name9,42,0,0,0,378,226.8,21000,8,8,0
3558,42600,Name1,34,1,1,1,340,306,17000,0,4,0
5085,39983,Name10,33,1,1,1,99,89.1,16500,0,7,0
8649,38300,Name4,23,0,0,0,92,82.8,11500,7,7,0
2930,39079,Name2,25,0,1,0,250,150,12500,8,7,1
9031,43578,Name9,47,0,0,1,376,188,23500,0,4,1
7737,42909,Name2,46,0,0,0,138,110.4,23000,9,2,0
5349,41621,Name3,29,0,0,1,116,92.8,14500,9,1,0
6830,37160,Name6,38,0,1,0,190,95,19000,11,5,1
8633,43131,Name4,19,1,1,0,95,66.5,9500,4,9,0
1592,36752,Name4,46,0,1,1,184,110.4,23000,14,2,1
2491,38184,Name7,28,1,0,1,112,67.2,14000,6,1,1
1394,41108,Name10,31,1,0,0,62,37.2,15500,9,1,0
9647,42780,Name10,9,1,1,0,81,48.6,4500,0,7,0
5176,38470,Name1,23,0,1,0,184,147.2,11500,7,4,0
4256,42350,Name2,16,0,1,1,128,76.8,8000,3,1,0
9756,37619,Name10,45,0,1,1,90,81,22500,9,8,0
4062,39059,Name7,31,0,0,1,310,155,15500,6,8,1
5672,37854,Name9,9,1,0,1,36,25.2,4500,1,4,1
5508,41588,Name7,41,1,0,0,82,73.8,20500,4,1,0
4266,40620,Name8,37,1,1,1,111,77.7,18500,0,5,1
9834,37004,Name8,3,0,1,0,18,14.4,1500,0,1,1
4191,42185,Name8,47,0,1,1,188,112.8,23500,5,5,1
9995,41335,Name5,35,1,1,1,210,105,17500,11,2,1
3148,42783,Name7,9,1,0,0,45,27,4500,2,7,0
5944,42585,Name9,1,1,0,0,4,3.6,500,0,7,0
6917,42722,Name4,22,1,0,1,110,88,11000,0,7,0
3250,41305,Name4,32,0,0,0,64,51.2,16000,0,4,0
1224,39849,Name10,46,0,0,0,276,248.4,23000,14,7,0
1311,43372,Name10,31,0,1,0,155,93,15500,0,2,0
3726,39753,Name9,1,1,0,0,6,5.4,500,0,3,1
2369,39233,Name1,39,0,1,1,156,124.8,19500,8,6,0
6677,36587,Name3,9,0,1,1,90,72,4500,1,6,1
2273,43687,Name5,5,1,1,0,15,10.5,2500,2,3,0
2790,38922,Name3,32,0,1,1,96,86.4,16000,6,3,0
8483,42800,Name3,22,1,0,0,220,132,11000,2,5,0
2169,41829,Name2,26,0,0,0,52,26,13000,5,6,0
2918,43258,Name5,45,0,0,0,450,360,22500,9,7,0
7412,39379,Name10,44,0,0,0,352,281.6,22000,4,7,0
5742,39978,Name10,44,1,0,1,88,52.8,22000,13,2,0
4352,41997,Name1,4,0,0,1,24,19.2,2000,0,8,0
1037,43700,Name4,41,0,0,1,123,61.5,20500,8,5,0
6283,41717,Name8,12,1,1,1,24,21.6,6000,1,4,1
2783,40420,Name5,24,1,1,0,144,86.4,12000,5,3,1
3305,38323,Name1,20,0,0,1,100,70,10000,6,3,1
1544,42160,Name3,7,0,1,0,70,42,3500,0,9,0
7053,40968,Name4,17,0,0,0,153,137.7,8500,5,4,0
8832,37059,Name2,33,0,0,1,165,99,16500,10,7,1
1508,43650,Name8,48,0,0,0,432,259.2,24000,5,8,0
4659,41322,Name1,6,1,0,1,12,6,3000,2,5,0
9812,43626,Name1,34,0,1,0,272,217.6,17000,10,1,0
8203,39184,Name4,26,0,0,0,208,104,13000,8,4,1
1758,42539,Name3,19,1,0,0,95,57,9500,6,9,0
8426,36881,Name9,10,1,0,0,70,56,5000,3,6,1
3442,43444,Name4,12,1,0,1,72,36,6000,2,4,0
9415,38331,Name3,10,0,1,1,50,40,5000,3,6,1
9426,38859,Name6,2,1,0,0,8,6.4,1000,0,3,1
8705,39798,Name7,21,1,0,1,210,147,10500,0,4,1
2063,42298,Name6,45,0,1,0,225,112.5,22500,0,9,1
1964,43803,Name1,26,0,1,0,182,127.4,13000,0,1,0
4845,37959,Name2,27,0,1,0,216,194.4,13500,5,9,0
7547,44063,Name10,49,0,1,1,245,220.5,24500,15,9,0
1058,42913,Name10,39,1,1,1,117,105.3,19500,0,6,0
1131,36945,Name9,16,1,1,0,32,28.8,8000,2,4,1
5683,43626,Name5,37,0,1,1,185,111,18500,7,3,0
2267,41134,Name7,32,0,1,1,160,144,16000,0,6,1
7631,42897,Name1,24,1,1,1,72,50.4,12000,2,4,0
1774,40495,Name8,46,1,1,1,230,184,23000,5,8,1
3453,39360,Name2,22,0,1,0,176,88,11000,4,9,1
7053,41570,Name8,40,0,1,0,400,280,20000,4,2,1
7708,42863,Name4,31,0,0,1,310,248,15500,6,8,0
6327,44004,Name10,14,1,0,1,112,78.4,7000,1,3,0
5794,36717,Name4,17,0,1,1,170,119,8500,5,9,1
5417,42584,Name1,38,0,1,1,76,68.4,19000,11,9,0
5370,38777,Name6,40,1,0,1,360,252,20000,8,6,1
4313,43254,Name4,43,1,1,0,301,210.7,21500,4,9,0
6983,42339,Name3,47,0,0,1,423,380.7,23500,0,7,0
6131,40454,Name2,44,0,0,0,308,277.2,22000,9,1,0
6582,43423,Name10,13,1,1,1,39,31.2,6500,1,9,0
6794,37102,Name7,39,0,1,0,234,140.4,19500,0,4,1
8417,36857,Name6,49,0,1,1,147,88.2,24500,15,3,1
4511,38989,Name6,22,1,0,1,44,39.6,11000,7,3,1
8457,37335,Name1,50,0,0,0,250,225,25000,15,4,0
8818,42510,Name1,35,1,1,1,140,98,17500,0,6,0
7820,44024,Name3,30,0,0,1,270,189,15000,9,2,0
3549,44362,Name5,12,1,0,1,84,67.2,6000,4,2,0
7483,39198,Name3,39,0,0,1,78,46.8,19500,12,3,1
4130,37386,Name10,27,1,0,0,81,72.9,13500,8,4,0
1222,37904,Name9,20,1,1,1,120,108,10000,2,6,1
4594,39926,Name7,25,0,0,1,200,140,12500,3,3,1
9576,43863,Name6,38,1,1,1,152,121.6,19000,0,9,0
8641,42082,Name3,50,1,0,0,350,210,25000,10,8,0
9522,39343,Name3,18,1,0,1,72,50.4,9000,0,9,1
5318,42735,Name1,40,1,1,1,320,224,20000,4,2,0
6278,41830,Name6,7,1,0,0,21,10.5,3500,0,1,1
8763,42809,Name9,1,1,0,1,6,3.6,500,0,3,1
5653,37182,Name3,9,1,0,0,36,18,4500,0,7,1
3285,39967,Name7,42,0,1,1,168,134.4,21000,8,2,1
6806,41051,Name9,33,0,0,0,132,92.4,16500,0,5,1
1130,41974,Name4,46,0,1,0,414,248.4,23000,0,8,0
3322,44577,Name4,22,0,0,0,88,70.4,11000,2,1,0
3717,39018,Name8,14,1,0,0,126,113.4,7000,3,8,1
3718,39160,Name4,30,0,1,1,60,30,15000,0,5,1
8326,38502,Name8,15,1,1,0,45,31.5,7500,2,3,1
3850,43388,Name10,7,0,1,1,14,9.8,3500,2,7,0
5461,44230,Name4,10,1,1,1,60,54,5000,2,2,0
1046,37722,Name6,23,1,0,0,92,64.4,11500,0,3,1
4087,37798,Name2,48,0,1,1,480,336,24000,10,4,1
8684,41807,Name5,42,0,1,1,126,113.4,21000,4,3,0
8945,44359,Name3,28,1,0,0,252,126,14000,8,6,0
1213,41515,Name5,3,1,1,1,9,4.5,1500,0,3,1
3334,44426,Name5,15,1,0,1,135,81,7500,3,2,0
3238,40324,Name5,48,0,1,1,480,384,24000,14,1,1
8021,38724,Name7,39,1,0,1,312,218.4,19500,8,9,1
5511,40298,Name1,44,0,0,1,308,277.2,22000,9,7,0
7069,40085,Name5,48,1,0,0,432,259.2,24000,5,9,1
4068,37631,Name8,41,1,0,0,205,164,20500,12,9,1
5704,40346,Name9,49,0,0,1,147,132.3,24500,15,4,1
1906,42894,Name9,50,1,0,0,500,250,25000,15,3,1
8653,39100,Name2,20,0,1,0,140,70,10000,2,5,1
4879,44520,Name1,47,0,0,1,329,263.2,23500,5,8,0
3878,40132,Name6,44,1,1,1,308,215.6,22000,0,9,1
1918,41880,Name6,13,0,1,1,39,31.2,6500,3,8,0
2498,40028,Name2,29,0,1,1,116,69.6,14500,9,4,1
4571,40918,Name5,1,1,1,0,4,2.4,500,0,5,1
8795,40368,Name8,21,0,1,1,168,84,10500,0,6,1
1070,37875,Name1,18,0,1,0,108,75.6,9000,4,5,1
7060,39193,Name1,15,1,1,0,30,18,7500,5,7,0
5644,40996,Name5,8,0,1,0,64,51.2,4000,2,5,0
1698,39194,Name5,42,0,0,0,210,147,21000,4,6,1
5864,41183,Name5,45,1,0,0,405,202.5,22500,14,8,1
3680,43489,Name10,41,1,0,0,369,295.2,20500,8,4,0
1980,40846,Name4,22,0,1,1,88,79.2,11000,7,6,0
4077,38019,Name7,49,0,0,0,441,220.5,24500,0,9,1
7732,43441,Name3,50,1,0,1,500,350,25000,5,3,0
8324,41154,Name1,36,0,0,1,252,126,18000,4,3,0
6990,37222,Name6,19,1,1,1,152,136.8,9500,0,9,1
4725,40651,Name3,34,1,0,1,68,61.2,17000,0,7,0
9953,40202,Name2,1,1,0,1,5,3,500,0,6,0
4533,40966,Name4,17,0,1,1,119,107.1,8500,2,9,0
8601,44416,Name5,43,1,0,1,387,348.3,21500,0,5,0
8332,39212,Name6,27,0,1,0,81,64.8,13500,0,4,1
7999,37325,Name6,36,1,1,1,324,226.8,18000,4,8,1
1626,44092,Name2,42,1,1,1,294,264.6,21000,8,3,0
9155,43888,Name4,34,1,0,0,340,170,17000,0,4,0
8747,41411,Name2,14,0,1,1,42,25.2,7000,3,7,0
4871,42797,Name3,2,0,1,0,10,5,1000,0,2,0
6134,40152,Name5,8,1,0,0,72,43.2,4000,1,3,1
8385,38327,Name3,27,1,0,1,189,170.1,13500,5,2,1
1494,40723,Name5,29,0,1,1,116,104.4,14500,6,4,0
9448,43193,Name2,37,1,0,0,333,166.5,18500,4,3,0
2452,41257,Name4,32,0,1,0,256,128,16000,0,8,1
2839,40445,Name6,15,0,0,1,45,40.5,7500,2,9,1
9006,39759,Name7,16,0,1,1,96,48,8000,3,9,1
1086,44541,Name3,23,1,1,1,69,34.5,11500,0,8,0
8102,38631,Name9,2,0,1,1,20,18,1000,0,8,1
2260,38259,Name10,48,0,1,1,384,268.8,24000,14,4,1
6129,42268,Name2,1,0,1,1,3,1.5,500,0,8,0
4993,41443,Name6,28,1,0,0,168,134.4,14000,6,4,0
1480,41020,Name3,23,0,1,0,207,144.9,11500,2,1,0
5319,43992,Name1,21,1,0,0,168,84,10500,4,1,0
3467,43199,Name5,33,1,1,0,132,105.6,16500,7,8,0
3228,39972,Name9,45,0,1,0,270,216,22500,9,1,1
8978,44122,Name1,29,1,0,0,116,92.8,14500,9,5,0
2738,42109,Name2,45,1,1,1,450,270,22500,14,9,0
1916,41033,Name7,19,0,0,0,114,91.2,9500,4,5,0
1179,39801,Name2,26,1,1,0,182,109.2,13000,8,2,0
1004,42286,Name2,19,0,1,1,76,38,9500,2,2,0
5682,44193,Name10,39,0,1,1,156,140.4,19500,8,1,0
5313,44353,Name1,48,1,1,0,384,345.6,24000,5,1,0
8367,37998,Name6,44,0,1,1,440,308,22000,0,8,1
3702,37139,Name10,36,1,1,0,180,144,18000,7,8,1
2673,40710,Name5,31,0,1,1,62,49.6,15500,9,3,1
2735,41445,Name1,47,0,1,0,141,126.9,23500,0,4,0
1672,39240,Name3,26,1,0,1,104,62.4,13000,0,4,1
4006,38900,Name4,14,1,1,1,84,67.2,7000,0,2,1
9541,39356,Name1,33,0,0,0,132,66,16500,10,5,0
5475,42023,Name6,21,1,0,1,126,88.2,10500,6,9,0
6630,36671,Name1,36,0,0,0,252,126,18000,4,8,1
6635,37262,Name2,31,0,0,1,186,167.4,15500,9,5,1
4051,41375,Name2,47,0,0,0,94,65.8,23500,5,5,0
8706,41848,Name2,3,0,1,1,27,13.5,1500,0,8,0
5308,43151,Name8,36,0,1,1,360,180,18000,7,8,1
6760,37115,Name2,7,1,1,1,35,24.5,3500,2,2,1
6750,43252,Name6,2,1,1,1,4,3.2,1000,0,9,0
8375,41051,Name3,48,0,0,1,432,345.6,24000,10,4,0
9797,39421,Name1,11,0,1,1,88,44,5500,0,9,1
7309,41806,Name10,11,0,1,1,66,59.4,5500,2,1,0
9833,36666,Name7,43,0,0,1,215,107.5,21500,9,6,1
2823,43897,Name3,48,1,1,1,432,388.8,24000,14,8,0
4008,39605,Name10,5,0,1,0,20,12,2500,1,8,0
5104,36789,Name8,46,1,1,0,138,96.6,23000,9,3,1
8189,43804,Name10,50,0,1,0,150,90,25000,5,5,0
8851,39191,Name3,4,1,1,0,40,20,2000,1,1,1
5113,38323,Name4,29,0,0,1,203,142.1,14500,9,2,1
2685,40916,Name6,29,1,0,0,203,182.7,14500,9,1,0
8099,43031,Name8,15,0,1,1,105,63,7500,3,8,1
6888,39656,Name3,43,0,1,0,129,90.3,21500,4,4,1
7046,38301,Name10,2,1,0,1,18,14.4,1000,1,6,0
5889,41962,Name9,47,1,1,0,235,211.5,23500,0,9,1
2711,38587,Name10,12,0,0,0,60,42,6000,0,3,0
8194,43013,Name9,25,0,0,0,150,75,12500,0,8,1
2786,44642,Name4,44,1,1,1,220,154,22000,13,2,0
1332,36556,Name3,38,0,0,1,228,205.2,19000,8,5,1
4010,39305,Name8,4,1,0,0,8,4,2000,1,9,1
5744,40138,Name2,10,0,0,0,70,49,5000,0,7,0
4421,38717,Name8,45,1,1,1,315,189,22500,0,8,1
8226,39075,Name2,37,1,1,1,111,66.6,18500,4,3,1
3320,39039,Name6,17,1,0,1,153,91.8,8500,2,9,1
5754,37397,Name8,49,0,1,0,441,264.6,24500,10,8,1
1561,42379,Name1,9,1,0,1,90,45,4500,3,2,0
6682,38346,Name3,6,1,1,0,30,24,3000,0,9,1
5324,43831,Name6,15,1,0,1,135,121.5,7500,0,3,0
1632,40884,Name4,24,1,1,0,72,50.4,12000,2,1,0
2571,40889,Name5,21,0,1,1,147,102.9,10500,4,1,1
7722,38797,Name3,5,1,0,0,25,15,2500,2,4,1
8721,40522,Name10,42,1,1,1,294,235.2,21000,8,1,0
8890,42111,Name2,15,0,0,0,45,36,7500,5,1,0
9599,39895,Name7,42,1,1,1,378,226.8,21000,0,3,1
1393,39811,Name9,13,0,1,1,52,31.2,6500,0,8,1
4578,43023,Name5,31,0,0,1,248,124,15500,0,2,1
5636,43547,Name1,23,1,1,1,69,62.1,11500,7,5,0
3596,44005,Name5,13,0,0,1,130,104,6500,0,5,0
9048,40762,Name7,17,1,1,0,68,61.2,8500,5,3,1
5926,42741,Name1,13,0,1,1,78,46.8,6500,3,2,0
2184,42145,Name10,42,1,1,1,210,147,21000,4,7,0
6587,43023,Name3,15,1,0,1,30,24,7500,5,2,0
4328,37860,Name5,13,1,0,1,39,31.2,6500,0,7,1
1214,39195,Name4,31,0,1,1,93,83.7,15500,0,4,1
4174,44214,Name9,24,1,0,0,72,43.2,12000,7,5,0
2017,42171,Name4,30,0,1,1,150,135,15000,0,1,0
7420,41935,Name3,20,1,0,1,40,28,10000,6,5,0
6319,41751,Name3,31,1,0,1,186,167.4,15500,6,7,0
8469,39483,Name8,8,1,0,1,56,44.8,4000,1,3,1
7958,38806,Name4,45,0,1,1,450,315,22500,14,2,1
2689,42177,Name4,23,1,0,1,161,144.9,11500,5,7,0
8907,41434,Name9,10,1,1,1,50,40,5000,1,6,1
6857,38615,Name2,48,0,1,0,384,268.8,24000,5,1,1
7205,39013,Name3,30,1,0,1,300,180,15000,3,9,1
7400,42528,Name9,18,1,1,0,90,72,9000,4,5,1
6153,40662,Name9,49,0,0,0,343,308.7,24500,5,9,1
4743,39936,Name7,33,0,1,0,231,161.7,16500,3,2,1
8358,42891,Name2,28,1,1,1,196,156.8,14000,0,4,0
3673,44028,Name9,27,0,1,0,54,43.2,13500,5,5,0
8284,43600,Name9,20,1,0,1,140,112,10000,0,5,0
9926,40921,Name1,32,1,1,0,288,172.8,16000,3,5,0
5934,36727,Name1,17,1,1,1,85,51,8500,0,9,1
2679,39982,Name1,9,0,1,0,72,36,4500,3,5,0
3968,37722,Name2,42,1,1,0,210,126,21000,4,8,1
3325,37900,Name4,18,0,1,1,72,43.2,9000,2,8,1
9741,41489,Name9,47,0,0,1,329,263.2,23500,0,8,1
6990,40795,Name8,36,1,1,0,72,36,18000,11,6,1
7144,43489,Name10,12,0,1,1,108,54,6000,1,7,0
3391,43790,Name1,35,0,1,0,280,140,17500,7,2,0
7959,40296,Name10,45,0,1,1,135,67.5,22500,9,3,0
5462,42708,Name5,45,0,1,0,270,243,22500,5,4,0
8738,40719,Name6,1,0,1,0,5,2.5,500,0,9,1
3793,41516,Name2,26,0,1,1,260,234,13000,0,1,0
3807,41483,Name2,31,0,1,0,217,173.6,15500,0,8,0
6957,44204,Name6,13,1,1,1,26,15.6,6500,4,8,0
9693,39857,Name4,24,0,0,1,120,60,12000,0,2,1
7328,44164,Name7,45,0,1,0,135,81,22500,9,1,0
1778,36633,Name4,7,1,0,0,42,29.4,3500,1,9,1
6379,41648,Name7,22,0,0,1,198,138.6,11000,7,6,1
5173,36563,Name3,9,1,1,0,45,22.5,4500,3,4,1
3624,39925,Name6,5,1,0,0,15,13.5,2500,1,6,0
9935,42584,Name9,45,1,1,1,135,94.5,22500,0,6,1
3683,41489,Name5,42,0,1,1,294,147,21000,8,3,1
2140,41783,Name1,39,0,0,1,195,117,19500,4,4,0
5114,42587,Name7,17,1,1,0,85,76.5,8500,3,9,0
7851,37580,Name9,34,0,0,1,204,122.4,17000,10,8,1
6730,40908,Name9,47,1,1,0,376,338.4,23500,0,5,1
8728,43759,Name2,24,0,1,0,72,64.8,12000,2,3,0
1772,41817,Name2,10,1,1,0,40,20,5000,3,4,0
1944,42556,Name6,9,1,1,0,54,32.4,4500,3,1,0
7521,41281,Name2,24,1,0,1,48,38.4,12000,2,7,0
9545,38213,Name8,9,1,0,0,63,56.7,4500,1,8,1
2015,42877,Name4,22,1,1,0,88,52.8,11000,0,3,0
1204,38357,Name7,24,0,1,1,240,192,12000,0,9,1
4506,38104,Name4,13,1,0,1,104,62.4,6500,4,4,1
7944,37994,Name10,14,0,1,1,42,29.4,7000,4,8,1
4806,43025,Name9,34,1,1,0,340,238,17000,3,3,1
8089,43026,Name1,8,0,0,0,80,56,4000,2,1,0
3761,39986,Name5,24,0,0,0,72,57.6,12000,2,5,0
2460,41376,Name4,37,1,0,0,296,207.2,18500,4,7,0
9032,41461,Name4,43,1,0,0,258,180.6,21500,0,7,0
5270,39285,Name5,1,1,1,0,4,3.6,500,0,5,1
6746,42825,Name10,40,1,0,1,280,224,20000,12,2,0
7917,42168,Name6,27,0,0,0,81,48.6,13500,5,4,0
6294,37423,Name10,9,0,0,1,18,16.2,4500,1,6,1
9989,41025,Name5,38,0,0,1,266,239.4,19000,4,6,0
1503,39795,Name5,7,0,1,1,42,25.2,3500,1,5,1
6347,39546,Name7,3,1,0,0,18,9,1500,1,2,1
3268,43557,Name1,30,1,0,1,270,135,15000,9,4,0
3326,41745,Name9,36,0,0,1,72,36,18000,7,9,1
8874,38752,Name5,30,1,0,0,120,96,15000,6,7,1
4062,36649,Name6,24,1,1,1,144,100.8,12000,0,8,1
9652,44440,Name10,33,1,0,1,66,59.4,16500,3,9,0
9517,36562,Name4,42,0,1,1,168,117.6,21000,4,7,1
8064,37056,Name5,24,1,0,0,96,76.8,12000,5,9,1
7669,39208,Name6,15,0,0,1,60,42,7500,0,9,1
6802,42947,Name2,35,0,0,0,245,196,17500,0,6,0
9511,41446,Name6,20,0,0,0,100,70,10000,4,5,0
3265,38738,Name8,10,1,0,1,70,49,5000,3,9,1
6806,37087,Name5,14,0,0,1,98,88.2,7000,4,2,1
6382,42671,Name4,50,1,1,1,300,210,25000,5,5,0
4798,38679,Name2,50,1,1,1,150,135,25000,5,9,0
1461,41502,Name3,15,0,1,0,120,96,7500,3,9,0
3978,39212,Name4,9,1,0,1,81,40.5,4500,3,3,1
6727,42084,Name10,28,0,1,1,280,196,14000,6,2,0
2497,41679,Name4,31,0,0,1,93,46.5,15500,6,7,1
6127,43191,Name4,27,0,1,1,108,54,13500,3,1,0
6597,38390,Name3,40,1,1,0,280,140,20000,12,6,1
4378,37836,Name6,47,0,0,1,470,282,23500,0,1,1
1486,42664,Name8,28,1,0,0,140,126,14000,6,9,0
1516,38541,Name9,37,0,1,0,296,207.2,18500,4,2,1
8930,41766,Name6,2,1,0,0,10,5,1000,0,6,1
9835,36918,Name3,46,1,1,0,322,161,23000,14,8,1
9094,43815,Name5,17,1,1,1,119,107.1,8500,3,5,0
8167,42369,Name5,48,1,0,0,96,67.2,24000,5,2,0
5924,42295,Name9,1,1,1,1,5,4.5,500,0,2,1
9977,42678,Name1,44,1,0,0,264,237.6,22000,9,1,0
6689,37852,Name9,5,1,1,1,30,24,2500,1,5,1
6787,37100,Name6,32,0,0,1,192,153.6,16000,6,3,1
9975,36588,Name10,4,0,0,0,32,25.6,2000,1,2,0
6271,40798,Name6,22,0,0,1,198,178.2,11000,4,9,1
6248,38831,Name8,45,0,0,0,450,315,22500,0,7,1
8806,41742,Name3,1,0,1,0,5,4,500,0,7,0
9498,43620,Name5,13,0,1,1,26,15.6,6500,0,7,0
1938,41045,Name10,43,1,0,1,172,154.8,21500,13,4,0
1738,44227,Name7,48,0,1,0,336,201.6,24000,5,5,0
8159,41743,Name1,49,0,1,0,98,58.8,24500,5,6,0
8245,44014,Name2,27,1,0,0,81,64.8,13500,5,3,0
3169,41964,Name4,46,0,1,1,138,124.2,23000,5,9,0
4505,41135,Name7,7,1,1,0,14,7,3500,0,1,1
3227,41448,Name5,46,1,0,1,230,184,23000,14,4,0
6600,39525,Name9,15,1,0,0,150,90,7500,0,8,1
1697,38058,Name2,39,0,1,1,312,187.2,19500,0,9,1
3050,44367,Name8,42,0,0,0,378,340.2,21000,0,7,0
8985,42307,Name7,9,1,1,0,90,81,4500,2,1,0
5323,43489,Name1,41,0,1,1,246,196.8,20500,8,8,0
2953,39419,Name10,39,1,1,0,117,105.3,19500,12,1,0
3027,37175,Name10,46,0,0,0,276,193.2,23000,0,7,0
4628,40995,Name8,9,1,1,1,36,28.8,4500,0,1,1
8950,39559,Name6,14,0,0,1,56,44.8,7000,3,3,1
6677,41587,Name10,47,1,1,1,282,225.6,23500,14,4,0
1411,41593,Name4,26,1,1,0,234,117,13000,0,9,1
4672,44382,Name1,34,0,1,1,238,214.2,17000,10,4,0
5235,42275,Name1,16,1,0,1,64,44.8,8000,5,8,0
6253,37712,Name10,47,1,1,1,470,423,23500,9,5,0
5981,44556,Name2,7,1,0,1,56,33.6,3500,1,6,0
9838,38514,Name9,48,1,1,1,480,336,24000,5,8,1
5938,41436,Name1,13,0,1,0,104,93.6,6500,1,8,0
6042,43213,Name7,42,0,0,1,252,226.8,21000,13,2,0
9873,44020,Name1,17,0,0,0,51,30.6,8500,3,6,0
1275,43790,Name8,4,1,1,0,8,4,2000,1,9,1
5492,39892,Name10,4,0,1,0,8,4.8,2000,1,4,0
7775,41042,Name2,19,1,0,1,57,45.6,9500,4,8,0
9958,42063,Name3,29,0,0,1,58,29,14500,0,7,0
4828,40870,Name2,7,0,1,1,56,39.2,3500,1,9,0
1207,42712,Name9,47,1,0,1,188,169.2,23500,0,7,1
7540,42622,Name5,50,1,0,1,200,140,25000,0,2,0
2909,41181,Name1,26,0,1,1,234,117,13000,0,6,0
5885,44104,Name5,38,0,1,1,342,205.2,19000,11,1,0
6721,40263,Name7,30,0,0,0,300,180,15000,9,7,1
7619,40639,Name8,11,0,0,0,33,23.1,5500,1,2,1
2426,44541,Name6,48,1,1,1,480,384,24000,0,4,0
7281,39678,Name10,2,0,1,1,20,14,1000,1,4,0
8010,38448,Name7,24,1,0,1,192,115.2,12000,0,1,1
7699,38902,Name10,50,1,0,1,350,245,25000,0,4,0
6359,41939,Name6,37,0,0,1,222,177.6,18500,4,9,1
7837,38706,Name1,5,0,0,1,20,10,2500,1,4,1
3329,43301,Name5,22,0,0,0,176,158.4,11000,2,6,0
1367,37758,Name5,20,0,0,1,200,100,10000,2,5,1
5778,44238,Name9,42,0,0,1,210,126,21000,13,7,1
9761,43311,Name8,46,0,0,0,230,161,23000,9,2,0
5209,39236,Name9,38,1,1,1,114,68.4,19000,4,2,1
2338,40869,Name1,21,1,0,0,147,102.9,10500,0,3,0
6738,38933,Name7,14,0,0,1,140,84,7000,0,7,1
3381,40629,Name1,41,1,0,0,287,200.9,20500,4,4,0
4047,40032,Name3,11,1,0,0,55,33,5500,2,6,0
4526,44557,Name9,32,1,1,1,128,76.8,16000,10,8,1
1525,39822,Name8,31,0,0,1,124,99.2,15500,3,2,1
2530,41636,Name2,19,1,1,1,171,153.9,9500,2,7,0
2576,40767,Name8,9,0,1,1,63,37.8,4500,1,6,1
7138,43011,Name10,43,0,0,0,172,137.6,21500,13,9,0
1503,44331,Name8,1,1,1,0,9,5.4,500,0,1,0
3295,42450,Name4,39,1,0,1,312,187.2,19500,12,5,0
7215,40590,Name4,31,0,1,1,93,46.5,15500,0,6,1
8068,38642,Name8,32,1,0,1,288,201.6,16000,0,2,1
6480,38767,Name7,27,0,1,0,135,81,13500,8,4,1
1999,43758,Name8,48,1,0,0,96,86.4,24000,5,9,0
8730,42657,Name7,35,0,0,1,350,245,17500,0,3,1
3420,42296,Name8,25,1,1,0,75,60,12500,8,8,1
2109,38839,Name6,49,1,1,1,294,205.8,24500,0,5,1
8844,44120,Name7,46,0,1,0,368,220.8,23000,9,1,0
5403,37980,Name9,36,0,1,0,180,162,18000,4,4,1
5353,42272,Name5,48,0,0,1,480,384,24000,0,7,0
1909,38719,Name9,27,1,1,0,189,94.5,13500,5,7,1
5122,39957,Name6,41,0,0,1,246,172.2,20500,4,5,1
2066,38790,Name1,10,1,1,0,60,42,5000,0,3,0
8598,40182,Name5,44,0,0,1,352,316.8,22000,9,1,1
2824,44589,Name10,37,0,1,0,259,233.1,18500,4,1,0
7221,41611,Name9,30,1,1,1,60,36,15000,6,3,1
2048,38961,Name3,32,1,0,1,256,230.4,16000,3,5,0
8827,37515,Name9,4,1,0,1,20,10,2000,0,3,1
2408,40236,Name9,22,1,0,1,154,107.8,11000,7,6,1
4997,42501,Name3,13,1,1,1,91,54.6,6500,1,7,0
3179,44304,Name9,34,1,0,1,340,238,17000,10,1,0
6556,41182,Name3,16,1,1,0,80,48,8000,3,7,0
4999,36850,Name3,41,1,1,0,328,164,20500,8,3,1
4528,38836,Name8,46,1,0,0,414,248.4,23000,0,3,1
5371,36836,Name6,20,1,1,0,60,42,10000,6,5,1
8480,44494,Name4,27,1,0,0,270,243,13500,0,9,0
4392,37986,Name9,48,0,1,0,240,168,24000,5,5,1
2974,37886,Name9,8,0,0,0,72,57.6,4000,2,9,1
5975,43278,Name5,43,1,0,0,86,68.8,21500,4,2,0
1037,42749,Name4,18,1,1,1,126,75.6,9000,4,7,0
6210,38378,Name5,43,0,1,1,215,107.5,21500,0,3,1
1791,42169,Name2,30,0,1,1,300,270,15000,0,6,0
2890,43150,Name3,37,1,0,1,222,155.4,18500,0,5,0
3796,39294,Name6,48,1,0,0,336,235.2,24000,14,7,1
5612,41677,Name10,46,0,1,0,276,165.6,23000,14,4,0
1139,37554,Name8,8,0,0,1,40,32,4000,0,7,1
3601,43272,Name4,21,1,0,0,147,132.3,10500,4,5,0
2289,38439,Name3,15,0,1,1,135,67.5,7500,3,4,1
1299,39788,Name2,39,1,0,0,156,93.6,19500,0,5,0
9706,38071,Name5,23,0,1,0,184,92,11500,5,2,1
1258,41592,Name1,34,1,1,0,102,71.4,17000,10,9,0
2326,38566,Name5,31,0,0,1,124,74.4,15500,3,1,1
6789,36975,Name6,35,1,1,1,210,147,17500,0,8,1
4260,38986,Name4,12,1,1,1,60,36,6000,4,4,1
6412,43705,Name10,32,0,0,0,256,153.6,16000,3,4,0
7956,38211,Name7,34,1,1,0,272,190.4,17000,10,3,1
8965,40849,Name6,10,0,1,0,30,24,5000,0,4,1
9080,37105,Name2,34,0,1,0,136,95.2,17000,7,2,1
7931,39793,Name1,29,1,1,0,58,52.2,14500,6,4,0
1623,39371,Name6,15,1,0,1,45,36,7500,5,5,1
4252,39284,Name1,41,1,0,1,287,172.2,20500,8,7,0
6599,39724,Name5,11,0,1,0,110,55,5500,2,1,1
3979,40665,Name6,36,0,0,1,108,86.4,18000,11,4,1
6144,37499,Name3,8,1,1,1,32,22.4,4000,0,5,1
8556,37630,Name2,35,1,0,1,70,49,17500,11,5,1
2927,41545,Name2,22,0,0,0,198,178.2,11000,7,2,0
3062,41290,Name6,21,1,0,1,147,102.9,10500,0,4,1
2021,38214,Name2,29,1,0,0,174,139.2,14500,3,9,0
2295,41205,Name3,6,1,0,0,36,25.2,3000,1,1,0
8651,38948,Name1,31,1,0,0,62,55.8,15500,9,8,0
4289,43951,Name1,22,0,1,0,44,39.6,11000,2,8,0
9153,44564,Name2,26,1,0,0,130,78,13000,0,1,0
8088,38185,Name1,12,1,0,1,48,43.2,6000,0,5,0
1469,39283,Name7,7,1,0,1,70,42,3500,2,6,1
9722,37532,Name5,35,1,0,1,350,315,17500,11,6,1
8707,42799,Name8,9,0,0,0,81,48.6,4500,2,5,0
2917,42741,Name6,4,1,0,0,28,22.4,2000,1,6,0
4545,43142,Name8,19,1,0,0,57,45.6,9500,0,1,0
6714,40290,Name7,12,1,0,1,24,19.2,6000,1,4,1
8482,44442,Name9,23,0,0,1,230,207,11500,5,6,0
8089,38555,Name9,49,0,1,0,343,205.8,24500,5,8,1
1674,44347,Name7,4,0,0,0,36,18,2000,0,3,0
7167,37876,Name5,46,1,0,0,414,289.8,23000,5,3,1
4321,43924,Name10,47,0,1,1,376,225.6,23500,14,9,0
5450,44637,Name1,13,1,1,1,52,26,6500,4,1,0
3148,43503,Name8,17,1,0,0,136,108.8,8500,5,7,0
8318,41459,Name9,6,0,1,1,54,37.8,3000,2,5,1
1747,43054,Name3,32,0,0,0,64,57.6,16000,6,3,0
9308,36644,Name8,28,0,1,1,84,50.4,14000,0,4,1
7346,43785,Name8,3,0,0,1,27,18.9,1500,1,1,1
8565,40422,Name10,27,1,0,0,81,40.5,13500,8,7,0
8457,37280,Name9,19,1,0,1,190,133,9500,6,6,1
3131,39478,Name9,1,0,1,0,2,1.4,500,0,8,1
9391,42017,Name2,11,1,0,0,66,46.2,5500,1,1,0
8983,40839,Name7,11,1,1,1,66,46.2,5500,0,6,1
7176,36911,Name7,33,0,1,0,330,297,16500,7,1,1
1170,44490,Name1,27,0,1,0,81,72.9,13500,0,9,0
4272,38407,Name2,25,1,1,1,200,100,12500,0,6,1
5119,37860,Name9,33,0,1,0,198,118.8,16500,0,8,1
6099,37298,Name9,42,0,0,1,126,113.4,21000,13,8,1
2669,39038,Name3,5,1,1,0,50,35,2500,2,8,1
9628,37122,Name8,10,0,0,1,20,14,5000,0,4,1
5810,36922,Name5,28,0,0,1,196,156.8,14000,8,1,1
4435,39630,Name2,15,0,1,1,60,42,7500,3,8,0
8246,41724,Name2,2,0,1,0,8,5.6,1000,0,5,0
1922,38737,Name7,43,0,1,0,215,193.5,21500,0,2,1
9309,37198,Name4,4,0,1,0,16,9.6,2000,0,4,1
2795,40434,Name4,47,0,0,1,235,211.5,23500,9,8,0
3217,39885,Name5,31,0,0,1,62,49.6,15500,0,8,1
4929,38476,Name6,13,1,0,1,65,58.5,6500,1,3,1
6082,37840,Name6,43,0,1,0,387,193.5,21500,0,3,1
1389,38326,Name7,39,1,1,1,156,93.6,19500,12,3,1
4069,37954,Name7,38,1,1,1,152,121.6,19000,4,2,1
1026,41350,Name7,3,0,1,1,27,13.5,1500,0,8,1
9729,44005,Name3,35,1,1,1,140,70,17500,0,4,0
8181,40981,Name10,46,0,1,0,414,331.2,23000,0,1,0
9320,41230,Name10,21,1,1,0,42,29.4,10500,2,1,0
4983,43942,Name9,35,1,0,0,105,94.5,17500,4,6,0
7461,42895,Name10,31,1,0,1,310,155,15500,9,3,0
3866,40076,Name2,22,1,0,0,110,88,11000,2,8,0
9079,39551,Name3,1,0,0,0,7,6.3,500,0,3,0
4439,44549,Name9,46,0,1,1,92,55.2,23000,14,6,1
4237,42660,Name7,6,0,1,1,54,27,3000,1,1,1
2883,39476,Name4,15,0,0,0,45,27,7500,2,6,1
3518,42444,Name8,31,0,1,1,186,93,15500,9,4,1
3224,43017,Name9,28,1,0,0,280,168,14000,0,9,1
3963,38107,Name4,5,0,1,0,25,12.5,2500,2,1,1
5366,41022,Name6,30,1,1,0,60,48,15000,9,3,0
7349,41496,Name4,37,1,1,1,185,92.5,18500,11,1,1
8988,41526,Name10,41,0,0,0,164,82,20500,8,5,0
3429,41668,Name10,26,1,0,1,208,145.6,13000,8,5,0
4219,42741,Name5,18,0,1,0,90,63,9000,2,1,0
5327,37165,Name6,10,1,0,1,90,45,5000,2,4,1
5357,36939,Name3,37,0,0,0,148,133.2,18500,0,1,0
9923,38966,Name6,17,1,1,0,85,68,8500,5,6,1
6621,41194,Name5,25,0,1,0,100,90,12500,8,5,0
8672,37175,Name1,18,1,1,1,90,54,9000,0,1,1
6754,38987,Name10,20,0,0,0,180,126,10000,4,4,0
3190,43695,Name10,7,0,0,0,42,33.6,3500,0,8,0
5627,42584,Name10,49,1,0,0,98,68.6,24500,5,5,0
8830,44562,Name4,29,0,0,0,87,52.2,14500,0,6,0
2157,36882,Name9,32,0,0,1,64,44.8,16000,3,4,1
4231,38526,Name1,46,1,1,1,138,110.4,23000,0,7,0
2696,42567,Name4,9,0,0,0,90,45,4500,2,6,0
1580,42851,Name5,4,1,0,1,8,5.6,2000,1,8,0
7186,44373,Name4,3,1,0,0,30,27,1500,0,8,0
8254,43169,Name9,48,1,1,1,336,268.8,24000,10,6,1
6750,36927,Name9,1,1,1,1,6,4.8,500,0,6,1
7722,42475,Name5,42,0,1,0,126,113.4,21000,0,7,0
5485,39387,Name9,47,0,1,1,141,70.5,23500,0,1,1
4269,37197,Name7,1,0,0,0,6,3.6,500,0,4,1
4457,37799,Name9,38,1,1,1,380,228,19000,8,1,1
6888,37440,Name1,44,0,1,0,176,140.8,22000,9,6,1
7567,43564,Name3,41,1,1,1,123,98.4,20500,4,5,0
8408,40621,Name6,9,0,1,1,54,37.8,4500,0,9,1
7447,38338,Name7,9,0,0,0,18,12.6,4500,1,8,1
8678,37199,Name1,46,1,0,1,368,184,23000,9,6,1
6878,39116,Name5,46,1,0,1,276,165.6,23000,9,2,1
7136,43683,Name5,40,0,0,0,280,140,20000,12,7,0
3187,36752,Name4,41,1,1,0,287,229.6,20500,0,5,1
8832,39350,Name1,19,1,0,1,190,95,9500,2,3,1
5728,42749,Name7,47,1,0,1,235,188,23500,9,5,0
4730,39502,Name5,44,1,1,1,132,66,22000,13,6,1
3777,38645,Name3,28,1,1,0,252,226.8,14000,6,3,0
3899,44371,Name2,30,1,1,0,240,168,15000,6,1,0
2987,44137,Name9,28,1,0,0,112,67.2,14000,0,9,1
8996,37361,Name1,35,0,1,1,210,105,17500,4,4,1
2236,42375,Name6,1,0,1,1,9,8.1,500,0,6,0
9297,39679,Name2,16,0,1,1,160,80,8000,2,5,1
1369,39080,Name4,10,1,0,0,100,80,5000,0,6,1
6798,43812,Name1,25,0,1,0,50,35,12500,8,4,0
2785,40665,Name8,48,1,1,1,336,268.8,24000,0,2,1
2378,44135,Name5,3,1,1,1,6,4.2,1500,1,4,0
3065,42096,Name4,2,1,0,0,14,7,1000,1,6,0
1939,39372,Name1,23,0,1,1,230,207,11500,5,7,0
5525,41137,Name3,11,0,1,0,77,61.6,5500,3,8,0
2999,44014,Name3,25,1,0,0,125,87.5,12500,8,3,0
6073,39480,Name10,14,1,1,1,28,16.8,7000,3,2,0
8513,44465,Name9,34,1,0,0,102,61.2,17000,0,6,0
5710,38986,Name9,48,0,0,1,480,336,24000,10,2,1
7452,41632,Name5,50,0,0,1,400,360,25000,10,1,0
8246,38326,Name8,22,0,0,1,110,66,11000,4,4,1
6974,38977,Name1,23,0,1,1,230,138,11500,0,8,1
3937,41227,Name10,7,0,0,0,49,44.1,3500,1,6,0
8184,40109,Name10,14,1,0,0,70,49,7000,0,7,0
8958,39512,Name9,14,0,1,0,84,42,7000,1,8,1
2389,40057,Name8,11,1,1,1,77,38.5,5500,2,1,1
9456,40424,Name10,22,0,1,1,66,59.4,11000,4,3,0
6686,40480,Name2,8,0,1,1,48,38.4,4000,2,6,0
1578,41506,Name1,1,1,1,1,9,8.1,500,0,8,0
8329,41786,Name9,3,0,1,1,6,5.4,1500,1,4,1
1950,39113,Name2,28,0,0,0,196,137.2,14000,8,7,0
6810,36730,Name9,32,0,1,0,160,112,16000,6,9,1
1797,38927,Name3,43,0,0,0,344,206.4,21500,4,9,1
2280,42332,Name1,45,1,1,1,135,94.5,22500,5,2,0
2748,37314,Name9,28,0,0,0,112,78.4,14000,6,7,1
8622,43246,Name4,5,0,0,0,30,15,2500,1,4,0
1956,42708,Name3,1,0,1,0,4,3.2,500,0,3,0
5276,41827,Name7,38,0,1,1,152,136.8,19000,11,4,0
8522,39707,Name3,22,1,0,0,220,176,11000,0,1,0
5297,43706,Name8,48,0,1,1,432,345.6,24000,14,4,0
8882,37466,Name5,42,1,0,0,252,201.6,21000,0,8,1
3001,42744,Name2,38,1,1,1,76,60.8,19000,0,3,0
2217,42154,Name7,6,0,1,1,36,25.2,3000,1,9,1
2864,39510,Name3,19,1,1,0,76,45.6,9500,0,1,1
1822,39789,Name5,49,0,0,1,147,132.3,24500,10,3,1
1073,39508,Name1,42,0,0,0,126,113.4,21000,4,1,0
4937,41252,Name2,14,1,1,0,98,88.2,7000,0,5,0
8185,40691,Name7,34,0,1,1,102,71.4,17000,10,4,1
8379,42579,Name1,15,0,1,0,30,21,7500,2,7,0
4975,36676,Name1,25,1,0,0,200,180,12500,5,7,0
3114,38366,Name10,28,1,1,0,196,98,14000,8,9,1
9761,38829,Name10,37,1,1,0,333,166.5,18500,7,6,1
4463,39867,Name6,17,1,0,0,34,20.4,8500,0,9,1
4035,43501,Name7,6,0,0,1,60,30,3000,2,6,1
8767,40822,Name6,17,1,1,0,153,122.4,8500,0,1,1
4372,37441,Name2,12,0,0,0,120,96,6000,2,5,0
2652,43003,Name7,14,1,0,1,98,88.2,7000,3,1,0
2245,42375,Name5,36,1,1,1,72,50.4,18000,7,3,0
3389,39588,Name9,15,0,1,0,30,27,7500,2,8,1
1717,39753,Name8,28,0,1,0,168,100.8,14000,0,8,1
2245,39109,Name2,39,0,0,0,273,245.7,19500,0,3,0
6214,37920,Name10,39,0,0,0,351,315.9,19500,8,4,0
4128,43013,Name8,6,0,1,1,60,30,3000,1,7,1
3101,39630,Name10,30,0,0,1,90,54,15000,9,7,1
1346,40851,Name2,42,1,0,0,336,201.6,21000,0,6,0
4485,37706,Name7,36,0,0,1,360,216,18000,7,8,1
5256,38650,Name3,20,1,0,1,100,60,10000,0,6,1
6186,39100,Name4,33,0,1,1,165,148.5,16500,7,7,1
1443,40492,Name6,16,0,1,0,48,43.2,8000,5,9,1
8061,39320,Name7,14,0,0,1,140,98,7000,0,5,1
4188,42927,Name9,4,1,1,0,40,36,2000,1,8,0
7326,37328,Name3,24,0,1,0,216,172.8,12000,2,7,1
9501,39295,Name7,26,1,1,1,234,117,13000,5,6,1
4840,38700,Name1,10,0,0,1,90,81,5000,1,5,0
9708,44352,Name6,12,1,1,0,48,33.6,6000,1,8,0
9145,37486,Name2,42,0,0,1,126,100.8,21000,0,4,1
4168,43328,Name4,50,1,0,1,400,360,25000,5,2,0
7534,43088,Name2,30,1,1,1,240,144,15000,0,5,0
4627,43497,Name2,4,0,0,0,40,20,2000,1,7,0
1046,43971,Name1,33,0,1,0,198,99,16500,0,8,0
4174,44179,Name4,9,0,0,1,90,45,4500,1,5,0
5694,40701,Name7,18,0,0,0,36,28.8,9000,4,3,0
9680,38282,Name4,46,0,1,0,184,147.2,23000,5,2,1
7338,41747,Name1,35,1,1,1,245,196,17500,4,1,0
1017,36707,Name9,35,1,1,0,105,73.5,17500,0,7,1
4799,41541,Name9,31,1,0,0,248,198.4,15500,0,3,1
4081,36818,Name3,14,1,1,0,98,88.2,7000,0,7,1
7980,38265,Name8,3,1,0,1,9,6.3,1500,0,5,1
8387,44443,Name10,45,0,1,0,315,220.5,22500,0,3,0
6350,40922,Name4,4,0,1,0,32,25.6,2000,0,6,0
6491,41217,Name1,42,1,0,0,336,201.6,21000,13,4,0
6586,38385,Name7,8,0,0,0,80,56,4000,2,8,1
1894,38532,Name10,44,0,0,1,220,176,22000,0,4,0
6907,44220,Name5,1,1,1,0,6,4.2,500,0,8,0
7219,44047,Name10,26,0,0,1,260,234,13000,0,9,0
9107,38038,Name4,50,1,1,0,400,360,25000,15,6,1
9268,39158,Name2,23,0,0,1,46,41.4,11500,2,5,0
7534,42885,Name3,9,0,0,0,54,37.8,4500,3,6,0
7614,43222,Name4,1,1,1,1,6,3,500,0,2,0
3248,43376,Name3,12,0,0,0,96,86.4,6000,0,2,0
7580,43453,Name4,26,1,0,0,260,156,13000,8,4,0
4618,43506,Name3,38,1,0,0,342,307.8,19000,0,8,0
7145,41910,Name1,15,1,0,1,150,90,7500,0,1,0
9431,43468,Name4,49,1,1,0,196,156.8,24500,0,2,0
2142,37859,Name1,10,1,0,0,40,24,5000,1,4,1
3091,37455,Name1,20,1,0,1,80,40,10000,2,5,1
6509,44261,Name10,7,0,1,1,49,34.3,3500,1,1,0
1886,38594,Name3,41,0,0,1,164,82,20500,0,2,1
5757,39739,Name3,6,1,1,0,60,36,3000,2,2,1
8389,39664,Name1,47,1,0,1,188,112.8,23500,14,2,0
6444,40938,Name2,13,1,1,0,117,93.6,6500,3,3,0
6973,39370,Name7,28,0,0,1,112,78.4,14000,6,2,1
3256,38200,Name6,44,0,0,0,264,158.4,22000,13,9,1
3619,43455,Name7,42,0,1,0,378,189,21000,4,6,1
1999,44634,Name8,7,1,0,0,28,16.8,3500,1,5,0
3026,42048,Name6,4,1,0,1,12,7.2,2000,0,9,1
6309,39076,Name1,15,0,0,1,60,30,7500,3,4,1
1817,37075,Name7,28,0,1,1,224,112,14000,3,4,1
9774,41693,Name3,17,1,1,0,51,25.5,8500,2,7,0
2010,38286,Name4,21,1,0,1,126,75.6,10500,0,8,1
7287,37698,Name5,33,0,1,0,231,184.8,16500,7,1,1
4390,37119,Name6,2,0,0,0,20,16,1000,0,4,1
2752,41142,Name7,30,1,1,1,180,162,15000,9,9,1
3418,42994,Name4,15,0,1,1,60,42,7500,5,2,0
3627,36789,Name10,24,0,1,1,144,72,12000,0,1,1
1276,41091,Name1,4,1,1,1,28,25.2,2000,0,6,0
3298,44375,Name5,2,0,0,0,18,12.6,1000,1,9,0
6339,38098,Name5,5,1,1,0,40,24,2500,0,7,1
7689,41621,Name5,25,0,0,1,125,75,12500,5,2,1
3983,39083,Name8,17,1,0,0,170,102,8500,2,3,1
9311,37885,Name9,35,1,1,1,105,94.5,17500,11,1,1
4924,41015,Name2,35,0,1,0,210,126,17500,7,5,0
2817,39576,Name2,35,1,0,1,105,63,17500,7,2,1
3029,43336,Name10,6,0,1,0,48,38.4,3000,1,1,0
3494,41460,Name7,26,0,0,0,208,124.8,13000,3,4,1
9986,38222,Name8,2,1,1,0,18,14.4,1000,0,2,1
4799,40093,Name9,21,1,0,0,63,56.7,10500,6,3,1
8659,43290,Name2,41,1,0,0,287,172.2,20500,12,8,0
1889,37598,Name4,28,1,1,0,280,252,14000,8,1,1
4132,41428,Name2,35,1,0,1,315,283.5,17500,4,4,0
4712,42023,Name10,33,1,0,1,165,148.5,16500,3,2,0
9468,38628,Name10,29,0,1,0,261,130.5,14500,6,1,1
2095,43873,Name7,47,0,1,0,282,225.6,23500,14,7,0
3815,42380,Name3,25,1,1,0,200,180,12500,0,7,0
4235,42576,Name8,3,1,1,1,21,10.5,1500,0,9,1
3062,42700,Name9,44,1,0,0,440,220,22000,4,3,1
3109,37532,Name6,31,0,1,0,62,31,15500,0,8,1
8845,40372,Name8,2,1,1,0,6,3.6,1000,0,5,1
8920,37494,Name3,27,1,0,0,135,108,13500,3,8,1
6946,41203,Name5,4,0,0,0,12,10.8,2000,0,2,0
9198,43668,Name2,38,0,0,1,304,182.4,19000,0,6,0
2761,37833,Name1,3,1,0,0,6,4.8,1500,1,6,0
3572,38783,Name8,49,1,0,0,343,308.7,24500,15,3,1
5816,43967,Name6,41,1,1,0,328,196.8,20500,12,8,0
8929,40699,Name4,18,1,0,0,36,32.4,9000,0,2,0
1439,42515,Name1,46,1,1,0,460,414,23000,14,7,0
4079,44387,Name10,36,0,1,0,72,64.8,18000,7,4,0
2217,39152,Name6,9,1,0,0,36,21.6,4500,1,1,1
8912,39425,Name3,7,1,1,1,49,34.3,3500,1,3,1
1326,43368,Name8,30,0,0,1,60,54,15000,3,3,0
2666,37332,Name5,12,0,1,0,36,32.4,6000,2,5,1
9099,38287,Name9,16,0,1,0,80,40,8000,0,5,1
3947,40587,Name4,1,1,1,0,2,1.2,500,0,3,1
8575,38727,Name2,48,0,1,1,288,201.6,24000,14,4,1
3957,43307,Name2,50,1,0,0,200,100,25000,0,4,0
8483,42202,Name9,23,0,1,1,207,186.3,11500,7,7,1
3197,40857,Name6,45,0,0,0,180,162,22500,0,6,0
1816,41400,Name10,37,1,1,0,333,299.7,18500,0,3,0
3051,42611,Name7,14,1,0,0,84,50.4,7000,0,4,1
3425,39222,Name3,16,1,0,1,80,64,8000,0,5,0
7059,43075,Name6,4,0,0,1,24,19.2,2000,1,1,0
3409,43437,Name8,9,1,1,1,63,44.1,4500,3,4,1
1416,41510,Name7,42,1,1,1,84,75.6,21000,13,3,0
7810,36654,Name5,28,1,1,1,252,151.2,14000,6,3,1